Sample,Unique_CDR3_Count
matched_SRR18719622.dedup,13859
matched_SRR18719621.dedup,12912
matched_SRR18720298.dedup,9309
matched_SRR18719402.dedup,12125
matched_SRR18719456.dedup,14085
matched_SRR18719377.dedup,16725
matched_SRR18719812.dedup,14361
matched_SRR18720338.dedup,12079
matched_SRR18720260.dedup,14439
matched_SRR18719714.dedup,11307
matched_SRR18719911.dedup,10788
matched_SRR18719894.dedup,20440
matched_SRR18720322.dedup,12078
matched_SRR18719474.dedup,9819
matched_SRR18719677.dedup,11427
matched_SRR18719499.dedup,13448
matched_SRR18719586.dedup,11777
matched_SRR18719364.dedup,15808
matched_SRR18719706.dedup,5016
matched_SRR18719421.dedup,11453
matched_SRR18719642.dedup,13094
matched_SRR18720365.dedup,9688
matched_SRR18719773.dedup,11177
matched_SRR18719950.dedup,19725
matched_SRR18719419.dedup,11817
matched_SRR18720363.dedup,12306
matched_SRR18719446.dedup,10377
matched_SRR18720342.dedup,14075
matched_SRR18719703.dedup,11241
matched_SRR18719525.dedup,13332
matched_SRR18719385.dedup,10898
matched_SRR18719777.dedup,11343
matched_SRR18720112.dedup,12693
matched_SRR18719797.dedup,11661
matched_SRR18719947.dedup,11118
matched_SRR18719755.dedup,11634
matched_SRR18719552.dedup,7699
matched_SRR18720339.dedup,11667
matched_SRR18720133.dedup,13321
matched_SRR18719848.dedup,16604
matched_SRR18719995.dedup,11618
matched_SRR18719600.dedup,11839
matched_SRR18720199.dedup,11570
matched_SRR18719962.dedup,12769
matched_SRR18719378.dedup,21316
matched_SRR18719799.dedup,13865
matched_SRR18720309.dedup,5023
matched_SRR18719368.dedup,14010
matched_SRR18720294.dedup,14490
matched_SRR18719695.dedup,11842
matched_SRR18719495.dedup,13824
matched_SRR18720017.dedup,11469
matched_SRR18720038.dedup,13987
matched_SRR18719480.dedup,14713
matched_SRR18719595.dedup,11059
matched_SRR18719620.dedup,13088
matched_SRR18719925.dedup,12866
matched_SRR18720196.dedup,10092
matched_SRR18719521.dedup,11822
matched_SRR18719913.dedup,8573
matched_SRR18719936.dedup,11704
matched_SRR18720093.dedup,13897
matched_SRR18719531.dedup,15256
matched_SRR18720240.dedup,14450
matched_SRR18720142.dedup,12959
matched_SRR18719723.dedup,12209
matched_SRR18719523.dedup,11296
matched_SRR18720094.dedup,14360
matched_SRR18719775.dedup,14996
matched_SRR18719388.dedup,12834
matched_SRR18720146.dedup,10774
matched_SRR18720368.dedup,10379
matched_SRR18719688.dedup,9630
matched_SRR18719373.dedup,13105
matched_SRR18719989.dedup,11267
matched_SRR18719372.dedup,25230
matched_SRR18719422.dedup,12644
matched_SRR18720062.dedup,13822
matched_SRR18719410.dedup,12670
matched_SRR18719728.dedup,12643
matched_SRR18719971.dedup,13151
matched_SRR18720299.dedup,15262
matched_SRR18720165.dedup,11812
matched_SRR18719383.dedup,15240
matched_SRR18719436.dedup,9357
matched_SRR18720014.dedup,13953
matched_SRR18720334.dedup,12200
matched_SRR18719979.dedup,12839
matched_SRR18719745.dedup,14905
matched_SRR18719445.dedup,10550
matched_SRR18719914.dedup,13286
matched_SRR18719648.dedup,10585
matched_SRR18719689.dedup,12779
matched_SRR18719597.dedup,12542
matched_SRR18719854.dedup,12066
matched_SRR18719396.dedup,17726
matched_SRR18720227.dedup,11325
matched_SRR18719721.dedup,13608
matched_SRR18720042.dedup,11141
matched_SRR18720356.dedup,13483
matched_SRR18720276.dedup,9847
matched_SRR18720032.dedup,13503
matched_SRR18719808.dedup,13833
matched_SRR18719973.dedup,12752
matched_SRR18719747.dedup,11239
matched_SRR18720015.dedup,9478
matched_SRR18720191.dedup,8574
matched_SRR18720254.dedup,10430
matched_SRR18719798.dedup,16202
matched_SRR18719568.dedup,13851
matched_SRR18720207.dedup,13445
matched_SRR18720344.dedup,14658
matched_SRR18720324.dedup,11547
matched_SRR18719502.dedup,11521
matched_SRR18720103.dedup,14083
matched_SRR18720385.dedup,12730
matched_SRR18720261.dedup,12318
matched_SRR18719787.dedup,10119
matched_SRR18720187.dedup,13473
matched_SRR18719794.dedup,12277
matched_SRR18719941.dedup,14193
matched_SRR18720155.dedup,13220
matched_SRR18719888.dedup,10834
matched_SRR18720168.dedup,11449
matched_SRR18719740.dedup,14235
matched_SRR18719433.dedup,11400
matched_SRR18719490.dedup,12543
matched_SRR18720125.dedup,13420
matched_SRR18719955.dedup,12399
matched_SRR18720378.dedup,17227
matched_SRR18719569.dedup,16215
matched_SRR18719453.dedup,12467
matched_SRR18720301.dedup,11372
matched_SRR18719785.dedup,11907
matched_SRR18719430.dedup,28391
matched_SRR18719838.dedup,9062
matched_SRR18719815.dedup,14406
matched_SRR18720268.dedup,12606
matched_SRR18720337.dedup,9377
matched_SRR18719931.dedup,13416
matched_SRR18719813.dedup,12783
matched_SRR18719821.dedup,14364
matched_SRR18720018.dedup,11775
matched_SRR18719488.dedup,8994
matched_SRR18719630.dedup,11011
matched_SRR18720210.dedup,12903
matched_SRR18719876.dedup,12442
matched_SRR18720288.dedup,10673
matched_SRR18719804.dedup,10967
matched_SRR18719968.dedup,11911
matched_SRR18719362.dedup,14524
matched_SRR18719500.dedup,9286
matched_SRR18719719.dedup,15605
matched_SRR18719842.dedup,9217
matched_SRR18719860.dedup,12821
matched_SRR18719439.dedup,21634
matched_SRR18720297.dedup,11512
matched_SRR18720113.dedup,13948
matched_SRR18719628.dedup,7301
matched_SRR18719814.dedup,11975
matched_SRR18720026.dedup,13909
matched_SRR18719956.dedup,13635
matched_SRR18720325.dedup,11276
matched_SRR18720237.dedup,12107
matched_SRR18719607.dedup,9574
matched_SRR18720002.dedup,12742
matched_SRR18720219.dedup,14601
matched_SRR18719669.dedup,14527
matched_SRR18719558.dedup,10997
matched_SRR18719946.dedup,14786
matched_SRR18719632.dedup,14447
matched_SRR18719969.dedup,13897
matched_SRR18720100.dedup,11797
matched_SRR18719426.dedup,10688
matched_SRR18720145.dedup,13269
matched_SRR18720129.dedup,10449
matched_SRR18720248.dedup,11656
matched_SRR18719504.dedup,15829
matched_SRR18720010.dedup,17046
matched_SRR18719994.dedup,11553
matched_SRR18719414.dedup,11473
matched_SRR18719564.dedup,9212
matched_SRR18720119.dedup,12439
matched_SRR18719683.dedup,11485
matched_SRR18719392.dedup,15073
matched_SRR18719551.dedup,10035
matched_SRR18719608.dedup,9965
matched_SRR18720020.dedup,11905
matched_SRR18719365.dedup,12260
matched_SRR18720105.dedup,8189
matched_SRR18719401.dedup,20341
matched_SRR18719841.dedup,13988
matched_SRR18720272.dedup,11236
matched_SRR18719412.dedup,8953
matched_SRR18719880.dedup,11432
matched_SRR18719572.dedup,10489
matched_SRR18720209.dedup,13471
matched_SRR18719649.dedup,7607
matched_SRR18720371.dedup,8438
matched_SRR18719591.dedup,11171
matched_SRR18720318.dedup,11835
matched_SRR18720115.dedup,14297
matched_SRR18719873.dedup,16231
matched_SRR18719511.dedup,11698
matched_SRR18719435.dedup,16907
matched_SRR18719871.dedup,8459
matched_SRR18719864.dedup,10703
matched_SRR18719618.dedup,10681
matched_SRR18719514.dedup,12215
matched_SRR18719458.dedup,12878
matched_SRR18719667.dedup,13733
matched_SRR18719735.dedup,13880
matched_SRR18719673.dedup,10253
matched_SRR18719782.dedup,10408
matched_SRR18720295.dedup,11858
matched_SRR18720084.dedup,11254
matched_SRR18719793.dedup,14804
matched_SRR18719487.dedup,11709
matched_SRR18719513.dedup,10047
matched_SRR18719617.dedup,12137
matched_SRR18719519.dedup,11773
matched_SRR18720137.dedup,15467
matched_SRR18719532.dedup,12003
matched_SRR18720238.dedup,10575
matched_SRR18719576.dedup,24230
matched_SRR18719466.dedup,4625
matched_SRR18719984.dedup,10578
matched_SRR18719818.dedup,11180
matched_SRR18719652.dedup,14863
matched_SRR18719693.dedup,13926
matched_SRR18720175.dedup,14576
matched_SRR18720190.dedup,11742
matched_SRR18719447.dedup,13701
matched_SRR18719679.dedup,14635
matched_SRR18719738.dedup,10485
matched_SRR18719613.dedup,14553
matched_SRR18720074.dedup,13152
matched_SRR18720186.dedup,14220
matched_SRR18719990.dedup,13591
matched_SRR18719518.dedup,13533
matched_SRR18720099.dedup,10129
matched_SRR18719441.dedup,11259
matched_SRR18719479.dedup,14697
matched_SRR18719668.dedup,10821
matched_SRR18720088.dedup,11933
matched_SRR18719810.dedup,14286
matched_SRR18719952.dedup,12991
matched_SRR18720211.dedup,9400
matched_SRR18720381.dedup,13979
matched_SRR18720181.dedup,10653
matched_SRR18720359.dedup,11830
matched_SRR18720267.dedup,11384
matched_SRR18719601.dedup,21682
matched_SRR18720218.dedup,11078
matched_SRR18720117.dedup,9374
matched_SRR18720040.dedup,9927
matched_SRR18719494.dedup,13002
matched_SRR18719580.dedup,13145
matched_SRR18719660.dedup,13577
matched_SRR18719501.dedup,10356
matched_SRR18720243.dedup,11941
matched_SRR18719917.dedup,12285
matched_SRR18720036.dedup,9710
matched_SRR18720316.dedup,12523
matched_SRR18719954.dedup,12274
matched_SRR18719546.dedup,16362
matched_SRR18720122.dedup,11296
matched_SRR18720081.dedup,14399
matched_SRR18720037.dedup,12783
matched_SRR18719560.dedup,12761
matched_SRR18719729.dedup,10919
matched_SRR18719983.dedup,12798
matched_SRR18720147.dedup,14163
matched_SRR18719681.dedup,14624
matched_SRR18719582.dedup,10704
matched_SRR18719459.dedup,13562
matched_SRR18720016.dedup,10776
matched_SRR18719867.dedup,28397
matched_SRR18719507.dedup,12301
matched_SRR18719657.dedup,10655
matched_SRR18719901.dedup,9105
matched_SRR18719802.dedup,13456
matched_SRR18720348.dedup,11583
matched_SRR18720362.dedup,13139
matched_SRR18720123.dedup,13032
matched_SRR18720235.dedup,12379
matched_SRR18720330.dedup,13762
matched_SRR18720354.dedup,11935
matched_SRR18719526.dedup,13482
matched_SRR18719562.dedup,11085
matched_SRR18719784.dedup,15024
matched_SRR18719751.dedup,15138
matched_SRR18720069.dedup,12976
matched_SRR18720077.dedup,9743
matched_SRR18720021.dedup,11632
matched_SRR18719462.dedup,18070
matched_SRR18719869.dedup,15924
matched_SRR18720046.dedup,16877
matched_SRR18720382.dedup,11625
matched_SRR18720380.dedup,11874
matched_SRR18720169.dedup,13482
matched_SRR18720314.dedup,10492
matched_SRR18720078.dedup,13203
matched_SRR18719444.dedup,12598
matched_SRR18719776.dedup,11176
matched_SRR18719902.dedup,12913
matched_SRR18720128.dedup,9954
matched_SRR18720189.dedup,12482
matched_SRR18719506.dedup,12649
matched_SRR18719508.dedup,11638
matched_SRR18720336.dedup,12430
matched_SRR18719887.dedup,15368
matched_SRR18719398.dedup,10922
matched_SRR18719665.dedup,13623
matched_SRR18719972.dedup,13048
matched_SRR18719790.dedup,9912
matched_SRR18719875.dedup,9015
matched_SRR18720029.dedup,12152
matched_SRR18720367.dedup,12346
matched_SRR18719877.dedup,9973
matched_SRR18719883.dedup,15174
matched_SRR18719825.dedup,15678
matched_SRR18719861.dedup,10079
matched_SRR18719862.dedup,16115
matched_SRR18719691.dedup,11813
matched_SRR18720055.dedup,12284
matched_SRR18719451.dedup,13057
matched_SRR18719581.dedup,8578
matched_SRR18719405.dedup,11444
matched_SRR18719654.dedup,13944
matched_SRR18720312.dedup,14321
matched_SRR18720071.dedup,11677
matched_SRR18720389.dedup,11103
matched_SRR18719882.dedup,14442
matched_SRR18719822.dedup,15187
matched_SRR18719743.dedup,9507
matched_SRR18720097.dedup,9187
matched_SRR18720089.dedup,8332
matched_SRR18719432.dedup,11347
matched_SRR18719431.dedup,15408
matched_SRR18719588.dedup,12339
matched_SRR18720023.dedup,14999
matched_SRR18719926.dedup,14283
matched_SRR18720067.dedup,12968
matched_SRR18720085.dedup,12063
matched_SRR18719702.dedup,11786
matched_SRR18719909.dedup,12605
matched_SRR18719548.dedup,11685
matched_SRR18720205.dedup,11882
matched_SRR18719542.dedup,15134
matched_SRR18720028.dedup,11043
matched_SRR18719387.dedup,17122
matched_SRR18719820.dedup,9982
matched_SRR18719770.dedup,10995
matched_SRR18720027.dedup,13838
matched_SRR18720343.dedup,12431
matched_SRR18720274.dedup,11767
matched_SRR18720150.dedup,13371
matched_SRR18719921.dedup,11588
matched_SRR18719440.dedup,18804
matched_SRR18719907.dedup,10295
matched_SRR18720247.dedup,13200
matched_SRR18719879.dedup,8574
matched_SRR18719553.dedup,15845
matched_SRR18720184.dedup,11705
matched_SRR18719840.dedup,11262
matched_SRR18719843.dedup,13678
matched_SRR18719493.dedup,11761
matched_SRR18719870.dedup,11135
matched_SRR18719510.dedup,6728
matched_SRR18719417.dedup,15014
matched_SRR18719889.dedup,10902
matched_SRR18720090.dedup,10943
matched_SRR18720102.dedup,11342
matched_SRR18719571.dedup,13524
matched_SRR18719550.dedup,12476
matched_SRR18719555.dedup,16834
matched_SRR18719760.dedup,9315
matched_SRR18719512.dedup,9663
matched_SRR18719477.dedup,14005
matched_SRR18719443.dedup,12549
matched_SRR18719650.dedup,12052
matched_SRR18719855.dedup,14236
matched_SRR18719796.dedup,10782
matched_SRR18719529.dedup,13910
matched_SRR18719937.dedup,11246
matched_SRR18720096.dedup,13300
matched_SRR18720282.dedup,11580
matched_SRR18719557.dedup,6972
matched_SRR18720228.dedup,10687
matched_SRR18719846.dedup,10782
matched_SRR18719943.dedup,14343
matched_SRR18719772.dedup,7478
matched_SRR18720019.dedup,9493
matched_SRR18720300.dedup,17295
matched_SRR18719942.dedup,11998
matched_SRR18719866.dedup,12623
matched_SRR18720275.dedup,9791
matched_SRR18719420.dedup,13762
matched_SRR18719839.dedup,15168
matched_SRR18720241.dedup,9652
matched_SRR18720203.dedup,12788
matched_SRR18719672.dedup,14488
matched_SRR18720357.dedup,11316
matched_SRR18720305.dedup,14038
matched_SRR18720064.dedup,13303
matched_SRR18720320.dedup,13148
matched_SRR18720387.dedup,13501
matched_SRR18719606.dedup,12693
matched_SRR18720358.dedup,11595
matched_SRR18719644.dedup,15303
matched_SRR18719730.dedup,10457
matched_SRR18719828.dedup,14729
matched_SRR18719699.dedup,9811
matched_SRR18720176.dedup,12270
matched_SRR18720283.dedup,10752
matched_SRR18719570.dedup,8014
matched_SRR18720138.dedup,12243
matched_SRR18719498.dedup,14089
matched_SRR18719970.dedup,12607
matched_SRR18720031.dedup,11663
matched_SRR18719476.dedup,10450
matched_SRR18719836.dedup,13547
matched_SRR18719824.dedup,13936
matched_SRR18719460.dedup,14538
matched_SRR18719865.dedup,11102
matched_SRR18719645.dedup,13743
matched_SRR18720351.dedup,11252
matched_SRR18720057.dedup,14570
matched_SRR18720217.dedup,11528
matched_SRR18720163.dedup,15427
matched_SRR18720162.dedup,9711
matched_SRR18719467.dedup,14212
matched_SRR18720183.dedup,10429
matched_SRR18719636.dedup,10392
matched_SRR18720296.dedup,12421
matched_SRR18720193.dedup,11066
matched_SRR18719851.dedup,13119
matched_SRR18719674.dedup,12736
matched_SRR18720265.dedup,14698
matched_SRR18720025.dedup,10915
matched_SRR18720390.dedup,9330
matched_SRR18720308.dedup,15844
matched_SRR18719481.dedup,15256
matched_SRR18720159.dedup,12365
matched_SRR18719725.dedup,21245
matched_SRR18719515.dedup,13106
matched_SRR18720364.dedup,14042
matched_SRR18720167.dedup,11403
matched_SRR18719891.dedup,12057
matched_SRR18719944.dedup,11854
matched_SRR18719960.dedup,14368
matched_SRR18719713.dedup,12821
matched_SRR18720171.dedup,14277
matched_SRR18720127.dedup,13927
matched_SRR18720012.dedup,14547
matched_SRR18719395.dedup,12216
matched_SRR18719682.dedup,13279
matched_SRR18719886.dedup,14742
matched_SRR18720198.dedup,10433
matched_SRR18719739.dedup,17229
matched_SRR18719786.dedup,10015
matched_SRR18719577.dedup,13546
matched_SRR18720231.dedup,16399
matched_SRR18719367.dedup,13717
matched_SRR18720331.dedup,13425
matched_SRR18719769.dedup,12987
matched_SRR18719965.dedup,10954
matched_SRR18720208.dedup,7229
matched_SRR18719626.dedup,10295
matched_SRR18720134.dedup,11420
matched_SRR18719540.dedup,11683
matched_SRR18719939.dedup,12192
matched_SRR18719805.dedup,12137
matched_SRR18720007.dedup,11979
matched_SRR18719685.dedup,13299
matched_SRR18719486.dedup,12187
matched_SRR18719393.dedup,13366
matched_SRR18719759.dedup,11996
matched_SRR18719520.dedup,12744
matched_SRR18719397.dedup,9286
matched_SRR18719680.dedup,9982
matched_SRR18719884.dedup,9538
matched_SRR18720179.dedup,11592
matched_SRR18720329.dedup,7168
matched_SRR18719896.dedup,14450
matched_SRR18719930.dedup,14924
matched_SRR18719898.dedup,12119
matched_SRR18720156.dedup,14138
matched_SRR18720250.dedup,12835
matched_SRR18720213.dedup,9778
matched_SRR18719524.dedup,10360
matched_SRR18719394.dedup,9102
matched_SRR18720009.dedup,11057
matched_SRR18719382.dedup,8457
matched_SRR18720005.dedup,13557
matched_SRR18720236.dedup,11327
matched_SRR18719461.dedup,12258
matched_SRR18720321.dedup,11905
matched_SRR18719559.dedup,15375
matched_SRR18719464.dedup,11188
matched_SRR18719424.dedup,9570
matched_SRR18720136.dedup,16063
matched_SRR18719761.dedup,9754
matched_SRR18719726.dedup,11752
matched_SRR18719664.dedup,13671
matched_SRR18719734.dedup,12020
matched_SRR18720011.dedup,12228
matched_SRR18719746.dedup,6078
matched_SRR18720164.dedup,11766
matched_SRR18719599.dedup,11151
matched_SRR18720292.dedup,11995
matched_SRR18720303.dedup,12849
matched_SRR18720311.dedup,13298
matched_SRR18720245.dedup,12501
matched_SRR18720173.dedup,14100
matched_SRR18719827.dedup,14553
matched_SRR18719826.dedup,15664
matched_SRR18719853.dedup,11045
matched_SRR18719811.dedup,11937
matched_SRR18720126.dedup,12395
matched_SRR18719469.dedup,14131
matched_SRR18719545.dedup,13566
matched_SRR18719733.dedup,15456
matched_SRR18719999.dedup,12068
matched_SRR18719885.dedup,11297
matched_SRR18719801.dedup,10197
matched_SRR18720277.dedup,11543
matched_SRR18720192.dedup,22131
matched_SRR18719482.dedup,10249
matched_SRR18719647.dedup,12196
matched_SRR18720008.dedup,14198
matched_SRR18720188.dedup,14673
matched_SRR18720180.dedup,18996
matched_SRR18719781.dedup,13514
matched_SRR18719963.dedup,10825
matched_SRR18719977.dedup,12701
matched_SRR18720287.dedup,12307
matched_SRR18720151.dedup,10627
matched_SRR18720118.dedup,9438
matched_SRR18719697.dedup,13010
matched_SRR18720226.dedup,13359
matched_SRR18720281.dedup,17075
matched_SRR18719543.dedup,9808
matched_SRR18719676.dedup,12319
matched_SRR18719434.dedup,11302
matched_SRR18720201.dedup,9870
matched_SRR18720013.dedup,13864
matched_SRR18719659.dedup,15238
matched_SRR18719957.dedup,14744
matched_SRR18719496.dedup,15457
matched_SRR18720258.dedup,15885
matched_SRR18719992.dedup,9422
matched_SRR18719374.dedup,13886
matched_SRR18719800.dedup,10866
matched_SRR18719492.dedup,12013
matched_SRR18720194.dedup,16684
matched_SRR18720153.dedup,13025
matched_SRR18719852.dedup,15096
matched_SRR18719803.dedup,14757
matched_SRR18719473.dedup,13513
matched_SRR18720230.dedup,10741
matched_SRR18719633.dedup,9719
matched_SRR18719614.dedup,14497
matched_SRR18719912.dedup,11921
matched_SRR18719370.dedup,13225
matched_SRR18719732.dedup,9243
matched_SRR18720114.dedup,15551
matched_SRR18720386.dedup,9915
matched_SRR18719966.dedup,9790
matched_SRR18720121.dedup,5985
matched_SRR18719598.dedup,6894
matched_SRR18719635.dedup,15061
matched_SRR18720072.dedup,10858
matched_SRR18719744.dedup,10110
matched_SRR18719442.dedup,13721
matched_SRR18719698.dedup,10413
matched_SRR18720080.dedup,11447
matched_SRR18719585.dedup,13384
matched_SRR18719704.dedup,13908
matched_SRR18720266.dedup,12659
matched_SRR18719592.dedup,13531
matched_SRR18719991.dedup,9766
matched_SRR18720246.dedup,15101
matched_SRR18720256.dedup,14410
matched_SRR18719554.dedup,12574
matched_SRR18720353.dedup,13553
matched_SRR18719837.dedup,9853
matched_SRR18720269.dedup,10931
matched_SRR18720388.dedup,14037
matched_SRR18720346.dedup,11627
matched_SRR18719671.dedup,7080
matched_SRR18719449.dedup,15699
matched_SRR18720252.dedup,13986
matched_SRR18719425.dedup,12124
matched_SRR18719590.dedup,12814
matched_SRR18719700.dedup,10621
matched_SRR18719629.dedup,12247
matched_SRR18719722.dedup,12409
matched_SRR18720370.dedup,12916
matched_SRR18719389.dedup,9200
matched_SRR18720302.dedup,12925
matched_SRR18720039.dedup,14998
matched_SRR18719987.dedup,13632
matched_SRR18719742.dedup,10238
matched_SRR18720068.dedup,12923
matched_SRR18719578.dedup,12575
matched_SRR18720083.dedup,8670
matched_SRR18720278.dedup,9944
matched_SRR18720111.dedup,7985
matched_SRR18719380.dedup,14211
matched_SRR18719361.dedup,13371
matched_SRR18719774.dedup,12460
matched_SRR18720148.dedup,7151
matched_SRR18719831.dedup,17518
matched_SRR18719375.dedup,12950
matched_SRR18720315.dedup,18027
matched_SRR18719872.dedup,13079
matched_SRR18720177.dedup,12296
matched_SRR18719463.dedup,12149
matched_SRR18720157.dedup,11183
matched_SRR18719857.dedup,13091
matched_SRR18720350.dedup,14734
matched_SRR18719662.dedup,7872
matched_SRR18719958.dedup,12834
matched_SRR18719993.dedup,9252
matched_SRR18720206.dedup,11829
matched_SRR18719587.dedup,10653
matched_SRR18720249.dedup,12270
matched_SRR18719731.dedup,11574
matched_SRR18719978.dedup,10137
matched_SRR18720109.dedup,9543
matched_SRR18720124.dedup,13126
matched_SRR18719390.dedup,11820
matched_SRR18719924.dedup,16148
matched_SRR18720024.dedup,12989
matched_SRR18719988.dedup,12522
matched_SRR18720116.dedup,9808
matched_SRR18720066.dedup,14707
matched_SRR18720257.dedup,13045
matched_SRR18720204.dedup,11903
matched_SRR18720058.dedup,12059
matched_SRR18719478.dedup,13320
matched_SRR18719609.dedup,13268
matched_SRR18720290.dedup,12681
matched_SRR18720079.dedup,12711
matched_SRR18719527.dedup,13538
matched_SRR18720161.dedup,9469
matched_SRR18720262.dedup,9743
matched_SRR18719363.dedup,15417
matched_SRR18720174.dedup,13635
matched_SRR18720182.dedup,12677
matched_SRR18720255.dedup,12306
matched_SRR18720242.dedup,14530
matched_SRR18720034.dedup,11818
matched_SRR18719574.dedup,13275
matched_SRR18719933.dedup,14207
matched_SRR18719575.dedup,12476
matched_SRR18720349.dedup,15063
matched_SRR18719583.dedup,14070
matched_SRR18719910.dedup,24234
matched_SRR18719754.dedup,9699
matched_SRR18720360.dedup,7220
matched_SRR18719428.dedup,9018
matched_SRR18719899.dedup,11471
matched_SRR18720178.dedup,10848
matched_SRR18719830.dedup,13133
matched_SRR18719819.dedup,13708
matched_SRR18719658.dedup,12023
matched_SRR18719538.dedup,13529
matched_SRR18719653.dedup,10842
matched_SRR18719715.dedup,15764
matched_SRR18720239.dedup,11852
matched_SRR18720056.dedup,13154
matched_SRR18719455.dedup,14179
matched_SRR18720366.dedup,12644
matched_SRR18719593.dedup,10212
matched_SRR18719829.dedup,12795
matched_SRR18720251.dedup,10739
matched_SRR18719816.dedup,10044
matched_SRR18719975.dedup,8659
matched_SRR18720214.dedup,11212
matched_SRR18720000.dedup,13638
matched_SRR18720202.dedup,8531
matched_SRR18719399.dedup,14407
matched_SRR18719536.dedup,12293
matched_SRR18720327.dedup,15294
matched_SRR18719778.dedup,12738
matched_SRR18720383.dedup,8138
matched_SRR18719771.dedup,14457
matched_SRR18720095.dedup,12289
matched_SRR18719916.dedup,10733
matched_SRR18720323.dedup,9359
matched_SRR18719724.dedup,10997
matched_SRR18720087.dedup,14233
matched_SRR18720107.dedup,12167
matched_SRR18719850.dedup,14354
matched_SRR18720212.dedup,12051
matched_SRR18719491.dedup,11668
matched_SRR18719549.dedup,12019
matched_SRR18719371.dedup,14952
matched_SRR18720135.dedup,11463
matched_SRR18720140.dedup,14795
matched_SRR18719381.dedup,10693
matched_SRR18719927.dedup,12907
matched_SRR18719687.dedup,16130
matched_SRR18720092.dedup,12830
matched_SRR18719708.dedup,10639
matched_SRR18719641.dedup,9082
matched_SRR18720108.dedup,27000
matched_SRR18719369.dedup,12440
matched_SRR18719409.dedup,9329
matched_SRR18719579.dedup,14000
matched_SRR18720160.dedup,12339
matched_SRR18720003.dedup,11699
matched_SRR18720361.dedup,9776
matched_SRR18720229.dedup,12125
matched_SRR18719556.dedup,10474
matched_SRR18720232.dedup,11579
matched_SRR18719544.dedup,12166
matched_SRR18719594.dedup,13595
matched_SRR18719701.dedup,12308
matched_SRR18719756.dedup,19466
matched_SRR18720326.dedup,11759
matched_SRR18720291.dedup,16247
matched_SRR18720222.dedup,9731
matched_SRR18719535.dedup,14935
matched_SRR18719959.dedup,5942
matched_SRR18720044.dedup,10457
matched_SRR18719900.dedup,12309
matched_SRR18720345.dedup,14505
matched_SRR18720101.dedup,13841
matched_SRR18719766.dedup,14907
matched_SRR18719376.dedup,12080
matched_SRR18719610.dedup,10708
matched_SRR18719762.dedup,22245
matched_SRR18719437.dedup,14798
matched_SRR18719416.dedup,10454
matched_SRR18719485.dedup,13804
matched_SRR18720033.dedup,15561
matched_SRR18720307.dedup,12478
matched_SRR18720004.dedup,13338
matched_SRR18719563.dedup,8508
matched_SRR18720234.dedup,12901
matched_SRR18719844.dedup,15024
matched_SRR18719634.dedup,14567
matched_SRR18719643.dedup,12274
matched_SRR18719547.dedup,11472
matched_SRR18720098.dedup,10816
matched_SRR18719998.dedup,13969
matched_SRR18719890.dedup,12909
matched_SRR18720233.dedup,13098
matched_SRR18719386.dedup,10203
matched_SRR18720253.dedup,10466
matched_SRR18719903.dedup,13451
matched_SRR18719905.dedup,7967
matched_SRR18720086.dedup,14050
matched_SRR18719639.dedup,13122
matched_SRR18720030.dedup,14275
matched_SRR18719448.dedup,13223
matched_SRR18720284.dedup,19196
matched_SRR18719856.dedup,15227
matched_SRR18719465.dedup,9707
matched_SRR18719603.dedup,9630
matched_SRR18719567.dedup,14621
matched_SRR18720270.dedup,12664
matched_SRR18719763.dedup,17643
matched_SRR18719470.dedup,11975
matched_SRR18720050.dedup,14628
matched_SRR18719918.dedup,12479
matched_SRR18720280.dedup,13400
matched_SRR18719522.dedup,11536
matched_SRR18720369.dedup,11645
matched_SRR18719438.dedup,11910
matched_SRR18719757.dedup,14230
matched_SRR18719661.dedup,11772
matched_SRR18719923.dedup,12738
matched_SRR18719471.dedup,10367
matched_SRR18720224.dedup,11674
matched_SRR18719895.dedup,12395
matched_SRR18719457.dedup,10852
matched_SRR18720166.dedup,9390
matched_SRR18719468.dedup,11780
matched_SRR18720041.dedup,14103
matched_SRR18719584.dedup,13247
matched_SRR18719489.dedup,10416
matched_SRR18719712.dedup,4359
matched_SRR18719483.dedup,15344
matched_SRR18720220.dedup,10862
matched_SRR18720304.dedup,17657
matched_SRR18719874.dedup,11609
matched_SRR18720384.dedup,10311
matched_SRR18719982.dedup,11875
matched_SRR18719561.dedup,10921
matched_SRR18719949.dedup,11782
matched_SRR18719533.dedup,12713
matched_SRR18719717.dedup,14102
matched_SRR18720063.dedup,11569
matched_SRR18719961.dedup,12265
matched_SRR18719675.dedup,8724
matched_SRR18719625.dedup,11802
matched_SRR18719415.dedup,12074
matched_SRR18719616.dedup,10356
matched_SRR18720197.dedup,16465
matched_SRR18719783.dedup,15548
matched_SRR18720328.dedup,10521
matched_SRR18719817.dedup,16127
matched_SRR18720340.dedup,12410
matched_SRR18719452.dedup,10978
matched_SRR18719505.dedup,11499
matched_SRR18719748.dedup,33187
matched_SRR18719948.dedup,11380
matched_SRR18720332.dedup,9981
matched_SRR18719928.dedup,9123
matched_SRR18719868.dedup,11122
matched_SRR18720289.dedup,11319
matched_SRR18719640.dedup,12819
matched_SRR18719530.dedup,13033
matched_SRR18720130.dedup,12060
matched_SRR18720185.dedup,13370
matched_SRR18719663.dedup,9609
matched_SRR18719832.dedup,12421
matched_SRR18720271.dedup,13692
matched_SRR18719935.dedup,11516
matched_SRR18720273.dedup,12310
matched_SRR18720076.dedup,12457
matched_SRR18719845.dedup,12311
matched_SRR18720286.dedup,11109
matched_SRR18720152.dedup,10820
matched_SRR18719605.dedup,11879
matched_SRR18719859.dedup,8292
matched_SRR18719694.dedup,10271
matched_SRR18719752.dedup,15068
matched_SRR18720059.dedup,13577
matched_SRR18719539.dedup,10459
matched_SRR18720293.dedup,11566
matched_SRR18720104.dedup,10826
matched_SRR18720306.dedup,12102
matched_SRR18719906.dedup,16038
matched_SRR18720143.dedup,11277
matched_SRR18719833.dedup,11154
matched_SRR18720279.dedup,12244
matched_SRR18720244.dedup,13058
matched_SRR18720144.dedup,12004
matched_SRR18719406.dedup,10915
matched_SRR18720022.dedup,12281
matched_SRR18720001.dedup,8994
matched_SRR18719834.dedup,23590
matched_SRR18719720.dedup,12024
matched_SRR18719509.dedup,19490
matched_SRR18719710.dedup,12522
matched_SRR18719863.dedup,12095
matched_SRR18720373.dedup,14611
matched_SRR18719666.dedup,9688
matched_SRR18719741.dedup,10535
matched_SRR18719980.dedup,12812
matched_SRR18719623.dedup,12802
matched_SRR18720195.dedup,20974
matched_SRR18719612.dedup,11039
matched_SRR18719727.dedup,11627
matched_SRR18719615.dedup,13028
matched_SRR18719686.dedup,8828
matched_SRR18719736.dedup,11720
matched_SRR18719718.dedup,17934
matched_SRR18720319.dedup,10308
matched_SRR18720131.dedup,13630
matched_SRR18719940.dedup,14737
matched_SRR18719938.dedup,11177
matched_SRR18719997.dedup,13324
matched_SRR18719974.dedup,15463
matched_SRR18719411.dedup,12759
matched_SRR18719651.dedup,13017
matched_SRR18719976.dedup,14172
matched_SRR18720091.dedup,8391
matched_SRR18720355.dedup,14369
matched_SRR18719791.dedup,12684
matched_SRR18719638.dedup,11441
matched_SRR18719655.dedup,12478
matched_SRR18719908.dedup,11233
matched_SRR18719849.dedup,13044
matched_SRR18720120.dedup,9927
matched_SRR18719904.dedup,15095
matched_SRR18719611.dedup,10991
matched_SRR18720139.dedup,10168
matched_SRR18720216.dedup,11591
matched_SRR18719475.dedup,10647
matched_SRR18719806.dedup,17135
matched_SRR18719400.dedup,11499
matched_SRR18719624.dedup,10131
matched_SRR18720154.dedup,13477
matched_SRR18719996.dedup,15440
matched_SRR18719705.dedup,9134
matched_SRR18719789.dedup,11505
matched_SRR18720223.dedup,13683
matched_SRR18719929.dedup,13139
matched_SRR18719892.dedup,10296
matched_SRR18719953.dedup,14392
matched_SRR18719566.dedup,12347
matched_SRR18719788.dedup,10444
matched_SRR18719690.dedup,13665
matched_SRR18719627.dedup,12322
matched_SRR18719429.dedup,14866
matched_SRR18719893.dedup,14478
matched_SRR18719835.dedup,17826
matched_SRR18719407.dedup,11871
matched_SRR18719795.dedup,10638
matched_SRR18719418.dedup,9718
matched_SRR18719711.dedup,12056
matched_SRR18719967.dedup,14583
matched_SRR18719384.dedup,14369
matched_SRR18719541.dedup,10958
matched_SRR18719934.dedup,11683
matched_SRR18720347.dedup,11341
matched_SRR18720045.dedup,12112
matched_SRR18719497.dedup,7640
matched_SRR18719749.dedup,15019
matched_SRR18720259.dedup,12977
matched_SRR18719737.dedup,7778
matched_SRR18719716.dedup,10721
matched_SRR18719565.dedup,12453
matched_SRR18719423.dedup,15402
matched_SRR18720073.dedup,11687
matched_SRR18720054.dedup,23208
matched_SRR18720317.dedup,7265
matched_SRR18720333.dedup,37411
matched_SRR18720376.dedup,11738
matched_SRR18720263.dedup,10098
matched_SRR18719503.dedup,14450
matched_SRR18720110.dedup,4477
matched_SRR18720048.dedup,12855
matched_SRR18719619.dedup,12883
matched_SRR18719646.dedup,10888
matched_SRR18720310.dedup,12371
matched_SRR18719692.dedup,10339
matched_SRR18720200.dedup,12655
matched_SRR18719528.dedup,12370
matched_SRR18719897.dedup,13157
matched_SRR18719450.dedup,12489
matched_SRR18719985.dedup,15275
matched_SRR18719484.dedup,13829
matched_SRR18719780.dedup,13391
matched_SRR18719427.dedup,8007
matched_SRR18719454.dedup,12532
matched_SRR18719753.dedup,11275
matched_SRR18719516.dedup,11575
matched_SRR18720374.dedup,16893
matched_SRR18719945.dedup,12486
matched_SRR18720341.dedup,11079
matched_SRR18720352.dedup,11856
matched_SRR18719413.dedup,12144
matched_SRR18719915.dedup,13412
matched_SRR18719792.dedup,12158
matched_SRR18719932.dedup,21497
matched_SRR18720377.dedup,11250
matched_SRR18719596.dedup,11081
matched_SRR18720051.dedup,11970
matched_SRR18719408.dedup,11072
matched_SRR18719768.dedup,10521
matched_SRR18720132.dedup,11168
matched_SRR18720149.dedup,10791
matched_SRR18720215.dedup,9972
matched_SRR18719537.dedup,12750
matched_SRR18719765.dedup,12274
matched_SRR18719981.dedup,8911
matched_SRR18719404.dedup,12535
matched_SRR18719922.dedup,13549
matched_SRR18719670.dedup,9074
matched_SRR18720372.dedup,11970
matched_SRR18719809.dedup,14313
matched_SRR18720049.dedup,12327
matched_SRR18720075.dedup,11790
matched_SRR18719656.dedup,12895
matched_SRR18720043.dedup,13459
matched_SRR18720335.dedup,19226
matched_SRR18719602.dedup,10718
matched_SRR18719379.dedup,13163
matched_SRR18720379.dedup,12031
matched_SRR18720065.dedup,18286
matched_SRR18719823.dedup,9073
matched_SRR18719366.dedup,11889
matched_SRR18720082.dedup,8374
matched_SRR18719534.dedup,10296
matched_SRR18719767.dedup,11115
matched_SRR18719919.dedup,8884
matched_SRR18719707.dedup,11010
matched_SRR18720006.dedup,12429
matched_SRR18720221.dedup,10331
matched_SRR18720158.dedup,9232
matched_SRR18720313.dedup,12510
matched_SRR18719779.dedup,10309
matched_SRR18719589.dedup,14678
matched_SRR18720264.dedup,13177
matched_SRR18719750.dedup,11022
matched_SRR18719573.dedup,10157
matched_SRR18720070.dedup,13394
matched_SRR18720060.dedup,9863
matched_SRR18719678.dedup,10039
matched_SRR18719878.dedup,14891
matched_SRR18720285.dedup,13477
matched_SRR18719696.dedup,13541
matched_SRR18719472.dedup,11859
matched_SRR18720053.dedup,13901
matched_SRR18719631.dedup,13010
matched_SRR18719920.dedup,11032
matched_SRR18719764.dedup,13511
matched_SRR18719517.dedup,14481
matched_SRR18719964.dedup,13810
matched_SRR18719684.dedup,11790
matched_SRR18719951.dedup,11086
matched_SRR18720375.dedup,12573
matched_SRR18719807.dedup,12912
matched_SRR18719986.dedup,13311
matched_SRR18719604.dedup,13517
matched_SRR18720047.dedup,12960
matched_SRR18720170.dedup,12174
matched_SRR18720106.dedup,12401
matched_SRR18719881.dedup,10874
matched_SRR18719858.dedup,14145
matched_SRR18719758.dedup,6330
matched_SRR18720172.dedup,12235
matched_SRR18720225.dedup,9132
matched_SRR18719403.dedup,10408
matched_SRR18720035.dedup,14215
matched_SRR18719391.dedup,12273
matched_SRR18720141.dedup,10213
matched_SRR18719709.dedup,13779
matched_SRR18719637.dedup,10573
matched_SRR18720061.dedup,11552
matched_SRR18719847.dedup,11517
